{
  "$schema": "http://schema.management.azure.com/schemas/2015-01-01/deploymentTemplate.json",
  "contentVersion": "1.0.0.0",
  "parameters": {
    "VDSSJumpBoxAdminUserName": {
      "type": "string",
      "minLength": 1
    },
    "VDSSJumpBoxAdminPassword": {
      "type": "securestring"
    },


    "appId": {
      "metadata": {
        "description": "Azure Service Principal Application ID (appId)."
      },
      "type": "string"
    },
    "appPassword": {
      "metadata": {
        "description": "Service Principal Application secret/key (password)."
      },
      "type": "securestring"
    },
    "appTenantId": {
      "metadata": {
        "description": "Active Directory ID (tenant)."
      },
      "type": "string"
    },
    "licenseKey1": {
      "defaultValue": "",
      "minLength": 1,
      "metadata": {
        "description": "The license token for the F5 BIG-IP VE (BYOL)."
      },
      "type": "string"
    },
    "licenseKey2": {
      "defaultValue": "",
      "minLength": 1,
      "metadata": {
        "description": "The license token for the F5 BIG-IP VE (BYOL). This field is required when deploying two or more devices."
      },
      "type": "string"
    },
    "licenseKey3": {
      "defaultValue": "",
      "minLength": 1,
      "metadata": {
        "description": "The license token for the F5 BIG-IP VE (BYOL)."
      },
      "type": "string"
    },
    "licenseKey4": {
      "defaultValue": "",
      "minLength": 1,
      "metadata": {
        "description": "The license token for the F5 BIG-IP VE (BYOL). This field is required when deploying two or more devices."
      },
      "type": "string"
    },
    "VDSSJumpBoxLinuxFileUris": {
      "type": "string",
      "defaultValue": "https://raw.githubusercontent.com/f5devcentral/f5-azure-saca/master/savevars.sh"
    },
    "vnetName": {
      "type": "string",
      "defaultValue": "VDSS_VNet",
      "metadata": {
        "description": "Name for the new VNet."
      }
    },
    "vnetPrefix": {
      "type": "string",
      "defaultValue": "192.168.0.0/16",
      "metadata": {
        "description": "CIDR prefix for the VNet address space."
      }
    },
    "vnetPrefix2": {
      "type": "string",
      "defaultValue": "172.16.0.0/23",
      "metadata": {
        "description": "CIDR prefix for the Second VNet address space."
      }
    },
    "F5_Ext_Untrusted_SubnetName": {
      "type": "string",
      "defaultValue": "F5_Ext_Untrusted_Subnet",
      "metadata": {
        "description": "External F5 Control Plane Subnet."
      }
    },
    "F5_Ext_Untrusted_SubnetPrefix": {
      "type": "string",
      "defaultValue": "192.168.0.0/24",
      "metadata": {
        "description": "CIDR address prefix for the External F5 Control Plane subnet."
      }
    },
    "F5_Ext_Trusted_SubnetName": {
      "type": "string",
      "defaultValue": "F5_Ext_Trusted_Subnet",
      "metadata": {
        "description": "Name for the F5_Ext_Trusted_Subnet subnet."
      }
    },
    "F5_Ext_Trusted_SubnetPrefix": {
      "type": "string",
      "defaultValue": "192.168.1.0/24",
      "metadata": {
        "description": "CIDR address prefix for the F5_External subnet."
      }
    },
    "IPS_Untrusted_SubnetName": {
      "type": "string",
      "defaultValue": "IPS_Untrusted_Subnet",
      "metadata": {
        "description": "Name for the IPS_Untrusted_Subnet subnet."
      }
    },
    "IPS_Untrusted_SubnetPrefix": {
      "type": "string",
      "defaultValue": "192.168.2.0/24",
      "metadata": {
        "description": "CIDR address prefix for the IPS_Untrusted_Subnet."
      }
    },
    "IPS_Trusted_SubnetName": {
      "type": "string",
      "defaultValue": "IPS_Trusted_Subnet",
      "metadata": {
        "description": "Name for the IPS_Trusted_Subnet subnet."
      }
    },
    "IPS_Trusted_SubnetPrefix": {
      "type": "string",
      "defaultValue": "192.168.3.0/24",
      "metadata": {
        "description": "CIDR address prefix for the IPS_Trusted_Subnet."
      }
    },
    "F5_Int_Untrusted_SubnetName": {
      "type": "string",
      "defaultValue": "F5_Int_Untrusted_Subnet",
      "metadata": {
        "description": "Name for the F5_Int_Untrusted subnet."
      }
    },
    "F5_Int_Untrusted_SubnetPrefix": {
      "type": "string",
      "defaultValue": "192.168.4.0/24",
      "metadata": {
        "description": "CIDR address prefix for the F5_Int_Untrusted subnet."
      }
    },
    "F5_Int_Trusted_SubnetName": {
      "type": "string",
      "defaultValue": "F5_Int_Trusted_Subnet",
      "metadata": {
        "description": "Name for the F5_Int_Trusted_Subnet."
      }
    },
    "F5_Int_Trusted_SubnetPrefix": {
      "type": "string",
      "defaultValue": "192.168.5.0/24",
      "metadata": {
        "description": "CIDR address prefix for the F5_Internal subnet."
      }
    },
    "Management_SubnetName": {
      "type": "string",
      "defaultValue": "Management_Subnet",
      "metadata": {
        "description": "Name for the Management_Subnet."
      }
    },
    "Management_SubnetPrefix": {
      "type": "string",
      "defaultValue": "172.16.0.0/24",
      "metadata": {
        "description": "CIDR address prefix for the Management_Subnet."
      }
    },
    "VDMS_SubnetName": {
      "type": "string",
      "defaultValue": "VDMS_Subnet",
      "metadata": {
        "description": "Name for the VDMS_Subnet."
      }
    },
    "VDMS_SubnetPrefix": {
      "type": "string",
      "defaultValue": "172.16.1.0/24",
      "metadata": {
        "description": "CIDR address prefix for the VDMS_Subnet."
      }
    },
    "GatewaySubnetName": {
      "type": "string",
      "defaultValue": "GatewaySubnet",
      "metadata": {
        "description": "Name for the GatewaySubnet (This must Stay Default Value)."
      }
    },
    "GatewaySubnetPrefix": {
      "type": "string",
      "defaultValue": "192.168.255.224/27",
      "metadata": {
        "description": "CIDR address prefix for the GatewaySubnet."
      }
    },
    "F5_Ext_Trusted_IP": {
      "type": "string",
      "defaultValue": "192.168.1.5",
      "metadata": {
        "description": "IP address for F5_Ext_Trusted_IP (For UDR Next Hop)."
      }
    },
    "F5_Int_Trusted_IP": {
      "type": "string",
      "defaultValue": "192.168.5.5",
      "metadata": {
        "description": "IP address for F5_Int_Trusted_IP (For UDR Next Hop)."
      }
    },
    "F5_Ext_Untrusted_IP": {
      "type": "string",
      "defaultValue": "192.168.0.7",
      "metadata": {
        "description": "IP address for F5_Ext_Untrusted_IP (For UDR Next Hop)."
      }
    },
    "F5_Int_Untrusted_IP": {
      "type": "string",
      "defaultValue": "192.168.4.7",
      "metadata": {
        "description": "IP address for F5_Int_Untrusted_IP (For UDR Next Hop)."
      }
    },
    "IPS_Untrusted_IP": {
      "type": "string",
      "defaultValue": "192.168.2.5",
      "metadata": {
        "description": "IP address for IPS_Untrusted_IP (For UDR Next Hop)."
      }
    },
    "IPS_Trusted_IP": {
      "type": "string",
      "defaultValue": "192.168.3.5",
      "metadata": {
        "description": "IP address for IPS_Trusted_IP (For UDR Next Hop)."
      }
    },
    "IPS_Trusted_Gateway_IP": {
      "type": "string",
      "defaultValue": "192.168.3.1",
      "metadata": {
        "description": "IP address for IPS Gateway (For Static Routes)."
      }
    },
    "Gateway_RouteTableName": {
      "type": "string",
      "defaultValue": "Gateway_RouteTable",
      "metadata": {
        "description": "Name for Gateway_RouteTable."
      }
    },
    "F5_Ext_Untrust_RouteTableName": {
      "type": "string",
      "defaultValue": "F5_Ext_Untrust_RouteTable",
      "metadata": {
        "description": "Name for F5_Ext_Untrust_RouteTable."
      }
    },
    "IPS_Untrust_RouteTableName": {
      "type": "string",
      "defaultValue": "IPS_Untrust_RouteTable",
      "metadata": {
        "description": "Name for IPS_Untrust_RouteTable."
      }
    },
    "IPS_Trust_RouteTableName": {
      "type": "string",
      "defaultValue": "IPS_Trust_RouteTable",
      "metadata": {
        "description": "Name for IPS_Trust_RouteTable."
      }
    },
    "F5_Int_Untrust_RouteTableName": {
      "type": "string",
      "defaultValue": "F5_Int_Untrust_RouteTable",
      "metadata": {
        "description": "Name for F5_Int_Untrust_RouteTable."
      }
    },
    "F5_Ext_Trust_RouteTableName": {
      "type": "string",
      "defaultValue": "F5_Ext_Trust_RouteTable",
      "metadata": {
        "description": "Name for F5_Ext_Trust_RouteTable."
      }
    },
    "Internal_Subnets_RouteTableName": {
      "type": "string",
      "defaultValue": "Internal_Subnets_RouteTable",
      "metadata": {
        "description": "Name for Internal_Subnets_RouteTable."
      }
    },
    "VDSSJumpBox_Availability_SetName": {
      "type": "string",
      "defaultValue": "VDSSJumpBox_AS",
      "minLength": 1
    },
    "IPS_Availability_SetName": {
      "type": "string",
      "defaultValue": "IPS_AS",
      "minLength": 1
    },
    "vdssstorageType": {
      "type": "string",
      "defaultValue": "Standard_LRS",
      "allowedValues": [
        "Standard_LRS",
        "Standard_ZRS",
        "Standard_GRS",
        "Standard_RAGRS",
        "Premium_LRS"
      ]
    },
    "VDSSJumpBoxName": {
      "type": "string",
      "defaultValue": "VDSSJumpBox",
      "minLength": 1
    },
    "VDSSJumpBoxIp": {
      "type": "string",
      "defaultValue": "172.16.0.4",
      "metadata": {
        "description": "IP address for VDSSJumpBox."
      }
    },

    "VDSSJumpBoxWindowsOSVersion": {
      "type": "string",
      "defaultValue": "2016-Datacenter",
      "allowedValues": [
        "2008-R2-SP1",
        "2012-Datacenter",
        "2012-R2-Datacenter",
        "2016-Datacenter",
        "Windows-Server-Technical-Preview"
      ]
    },
    "VDSSJumpBoxLinuxName": {
      "type": "string",
      "defaultValue": "VDSSJumpBoxLinux",
      "minLength": 1
    },

    "VDSSJumpBoxLinuxIp": {
      "type": "string",
      "defaultValue": "172.16.0.5",
      "metadata": {
        "description": "IP address for Linux VDSSJumpBox."
      }
    },
    "VDSSJumpBoxLinuxUbuntuOSVersion": {
      "type": "string",
      "defaultValue": "16.04-LTS",
      "allowedValues": [
        "12.04.5-LTS",
        "14.04.2-LTS",
        "16.04-LTS"
      ]
    },
    "IPSvmName": {
      "type": "string",
      "defaultValue": "IPSvm",
      "minLength": 1
    },
    "IPS_Untrusted_NIC_Name": {
      "type": "string",
      "defaultValue": "ipsuntrustednic",
      "minLength": 1
    },
    "IPS_Trusted_NIC_Name": {
      "type": "string",
      "defaultValue": "ipstrustednic",
      "minLength": 1
    },
    "IPSvmUbuntuOSVersion": {
      "type": "string",
      "defaultValue": "16.04-LTS",
      "allowedValues": [
        "12.04.5-LTS",
        "14.04.2-LTS",
        "16.04-LTS"
      ]
    },
    "VDSSJumpBoxLinux_Availability_SetName": {
      "type": "string",
      "defaultValue": "VDSSJumpBoxLinux_AS",
      "minLength": 1
    }
  },
  "variables": {
    "vdssstorageName": "[concat('vdssstorage', uniqueString(resourceGroup().id))]",
    "VDSSJumpBoxImagePublisher": "MicrosoftWindowsServer",
    "VDSSJumpBoxImageOffer": "WindowsServer",
    "VDSSJumpBoxOSDiskName": "VDSSJumpBoxOSDisk",
    "VDSSJumpBoxVmSize": "Standard_DS2_v2",
    "VDSSJumpBoxVnetID": "[resourceId('Microsoft.Network/virtualNetworks', parameters('vnetName'))]",
    "VDSSJumpBoxSubnetRef": "[concat(variables('VDSSJumpBoxVnetID'), '/subnets/', parameters('Management_SubnetName'))]",
    "VDSSJumpBoxStorageAccountContainerName": "vhds",
    "VDSSJumpBoxNicName": "[concat(parameters('VDSSJumpBoxName'), 'NetworkInterface')]",
    "VDSSJumpBoxLinuxImagePublisher": "Canonical",
    "VDSSJumpBoxLinuxImageOffer": "UbuntuServer",
    "VDSSJumpBoxLinuxOSDiskName": "VDSSJumpBoxLinuxOSDisk",
    "VDSSJumpBoxLinuxVmSize": "Standard_DS2_v2",
    "VDSSJumpBoxLinuxVnetID": "[resourceId('Microsoft.Network/virtualNetworks', parameters('vnetName'))]",
    "VDSSJumpBoxLinuxSubnetRef": "[concat(variables('VDSSJumpBoxLinuxVnetID'), '/subnets/', parameters('Management_SubnetName'))]",
    "VDSSJumpBoxLinuxStorageAccountContainerName": "vhds",
    "VDSSJumpBoxLinuxNicName": "[concat(parameters('VDSSJumpBoxLinuxName'), 'NetworkInterface')]",
    "VDSSJumpBoxLinuxCustomData": "#cloud-config\nwrite_files:\n\n - path: /etc/apt/sources.list.d/azure-cli.list\n   permissions: '0644'\n   owner: root:root\n   content: |\n      deb [arch=amd64] https://packages.microsoft.com/repos/azure-cli/ wheezy main\nruncmd:\n  - sudo apt-key adv --keyserver packages.microsoft.com --recv-keys 52E16F86FEE04B979B07E28DB02C46DF417A0893\n  - sudo apt-get install software-properties-common\n  - sudo apt-add-repository -y ppa:ansible/ansible\n  - sudo apt-get update -y\n  - sudo apt-get install -y virtualenv\n  - sudo apt-get install -y apt-transport-https\n  - sudo apt-get update && sudo apt-get install -y azure-cli --allow-unauthenticated\n  - sudo apt-get install -y python-pip\n  - sudo apt-get install -y jq\n  - sudo apt-get install -y docker.io\n  - docker run -d -p 80:80 --net=host --restart unless-stopped -e F5DEMO_APP=website -e F5DEMO_NODENAME='F5 Azure SACA' -e F5DEMO_COLOR=ffd734 -e F5DEMO_NODENAME_SSL='F5 Azure SACA (SSL)' -e F5DEMO_COLOR_SSL=a0bf37 chen23/f5-demo-app:ssl\n  - sudo -u AZURE_USER HOME=/home/AZURE_USER bash /home/AZURE_USER/f5-azure-saca/doall.sh &> /home/AZURE_USER/output.log",
    "VDSSJumpBoxExtensionName": "SetupAutomationScript",
    "linux-VDSSJumpBox-ipName": "linux-VDSSJumpBox-ip",
    "IPSvmImagePublisher": "Canonical",
    "IPSvmImageOffer": "UbuntuServer",
    "IPSvmOSDiskName": "IPSvmOSDisk",
    "IPSvmVmSize": "Standard_DS3_v2",
    "IPSvmVnetID": "[resourceId('Microsoft.Network/virtualNetworks', parameters('vnetName'))]",
    "IPSUntrustedSubnetRef": "[concat(variables('IPSvmVnetID'), '/subnets/', parameters('IPS_Untrusted_SubnetName'))]",
    "IPSTrustedSubnetRef": "[concat(variables('IPSvmVnetID'), '/subnets/', parameters('IPS_Trusted_SubnetName'))]",
    "IPSvmStorageAccountContainerName": "vhds",
    "IPSvmUntrustedNicName": "[concat(parameters('IPS_Untrusted_NIC_Name'), 'NetworkInterface')]",
    "IPSvmTrustedNicName": "[concat(parameters('IPS_Trusted_NIC_Name'), 'NetworkInterface')]",
    "IPSCustomData": "#cloud-config\nwrite_files:\n\n\n##################################################\n#\n# Set static routes\n#\n##################################################\n - path: /etc/network/interfaces\n   permissions: '0644'\n   owner: root:root\n   content: |\n      auto lo\n      iface lo inet loopback\n\n      auto eth0\n      iface eth0 inet dhcp\n\n      auto eth1\n      iface eth1 inet dhcp\n\n      up route add -net 172.16.0.0/12 gw GATEWAY_IP\n      up route add -net 10.0.0.0/8 gw GATEWAY_IP\n      up route add -net 192.168.4.0/23 gw GATEWAY_IP\n - path: /etc/sysctl.conf\n   permissions: '0644'\n   owner: root:root\n   content: |\n      net.ipv4.ip_forward=1\n\nruncmd:\n  - service networking restart\n  - sysctl --system\n"

  },
  "resources": [
    {
      "name": "[parameters('VDSSJumpBoxLinux_Availability_SetName')]",
      "type": "Microsoft.Compute/availabilitySets",
      "sku": {
        "name": "Aligned"
      },
      "location": "[resourceGroup().location]",
      "apiVersion": "2016-04-30-preview",
      "dependsOn": [],
      "tags": {
        "displayName": "VDSSJumpBoxLinux_Availability_Set"
      },
      "properties": {
        "platformUpdateDomainCount": 5,
        "platformFaultDomainCount": 2
      }
    },
    {
      "apiVersion": "2015-06-15",
      "type": "Microsoft.Network/routeTables",
      "name": "[parameters('Gateway_RouteTableName')]",
      "location": "[resourceGroup().location]",
      "tags": {
        "displayName": "Route Table - Gateway"
      },
      "properties": {
        "routes": [
          {
            "name": "RouteToInternet",
            "properties": {
              "addressPrefix": "0.0.0.0/0",
              "nextHopType": "Internet"
            }
          },
          {
            "name": "RouteToManagement",
            "properties": {
              "addressPrefix": "[parameters('Management_SubnetPrefix')]",
              "nextHopType": "VirtualAppliance",
              "nextHopIpAddress": "[parameters('F5_Ext_Trusted_IP')]"
            }
          },
          {
            "name": "RouteToVDMS",
            "properties": {
              "addressPrefix": "[parameters('VDMS_SubnetPrefix')]",
              "nextHopType": "VirtualAppliance",
              "nextHopIpAddress": "[parameters('F5_Ext_Trusted_IP')]"
            }
          }
        ]
      }
    },
    {
      "apiVersion": "2015-06-15",
      "type": "Microsoft.Network/routeTables",
      "name": "[parameters('F5_Ext_Untrust_RouteTableName')]",
      "location": "[resourceGroup().location]",
      "tags": {
        "displayName": "Route Table - External F5 Untrust"
      },
      "properties": {
        "routes": [
          {
            "name": "RouteToInternet",
            "properties": {
              "addressPrefix": "0.0.0.0/0",
              "nextHopType": "Internet"
            }
          }
        ]
      }
    },
    {
      "apiVersion": "2015-06-15",
      "type": "Microsoft.Network/routeTables",
      "name": "[parameters('F5_Ext_Trust_RouteTableName')]",
      "location": "[resourceGroup().location]",
      "tags": {
        "displayName": "Route Table - External F5 Trust"
      },
      "properties": {
        "routes": [
          {
            "name": "RouteToVDMS",
            "properties": {
              "addressPrefix": "[parameters('VDMS_SubnetPrefix')]",
              "nextHopType": "VirtualAppliance",
              "nextHopIpAddress": "[parameters('IPS_Untrusted_IP')]"
            }
          },
          {
            "name": "RouteToManagement",
            "properties": {
              "addressPrefix": "[parameters('Management_SubnetPrefix')]",
              "nextHopType": "VirtualAppliance",
              "nextHopIpAddress": "[parameters('IPS_Untrusted_IP')]"
            }
          },
          {
            "name": "RouteToInternalVips",
            "properties": {
              "addressPrefix": "[parameters('F5_Int_Untrusted_SubnetPrefix')]",
              "nextHopType": "VirtualAppliance",
              "nextHopIpAddress": "[parameters('IPS_Untrusted_IP')]"
            }
          }
        ]
      }
    },
    {
      "apiVersion": "2015-06-15",
      "type": "Microsoft.Network/routeTables",
      "name": "[parameters('F5_Int_Untrust_RouteTableName')]",
      "location": "[resourceGroup().location]",
      "tags": {
        "displayName": "Route Table - Internal F5 Untrust"
      },
      "properties": {
        "routes": [
          {
            "name": "RouteToInternet",
            "properties": {
              "addressPrefix": "0.0.0.0/0",
              "nextHopType": "VirtualAppliance",
              "nextHopIpAddress": "[parameters('IPS_Trusted_IP')]"
            }
          }
        ]
      }
    },
    {
      "apiVersion": "2015-06-15",
      "type": "Microsoft.Network/routeTables",
      "name": "[parameters('IPS_Untrust_RouteTableName')]",
      "location": "[resourceGroup().location]",
      "tags": {
        "displayName": "Route Table - IPS Untrust"
      },
      "properties": {
        "routes": [
          {
            "name": "RouteToInternet",
            "properties": {
              "addressPrefix": "0.0.0.0/0",
              "nextHopType": "VirtualAppliance",
              "nextHopIpAddress": "[parameters('F5_Ext_Trusted_IP')]"
            }
          }
        ]
      }
    },
    {
      "apiVersion": "2015-06-15",
      "type": "Microsoft.Network/routeTables",
      "name": "[parameters('IPS_Trust_RouteTableName')]",
      "location": "[resourceGroup().location]",
      "tags": {
        "displayName": "Route Table - IPS Trust"
      },
      "properties": {
        "routes": [
          {
            "name": "RouteToVDMS",
            "properties": {
              "addressPrefix": "[parameters('VDMS_SubnetPrefix')]",
              "nextHopType": "VirtualAppliance",
              "nextHopIpAddress": "[parameters('F5_Int_Untrusted_IP')]"
            }
          },
          {
            "name": "RouteToManagement",
            "properties": {
              "addressPrefix": "[parameters('Management_SubnetPrefix')]",
              "nextHopType": "VirtualAppliance",
              "nextHopIpAddress": "[parameters('F5_Int_Untrusted_IP')]"
            }
          }
        ]
      }
    },
    {
      "apiVersion": "2015-06-15",
      "type": "Microsoft.Network/routeTables",
      "name": "[parameters('Internal_Subnets_RouteTableName')]",
      "location": "[resourceGroup().location]",
      "tags": {
        "displayName": "Route Table - Internal Subnets"
      },
      "properties": {
        "routes": [
          {
            "name": "RouteToInternet",
            "properties": {
              "addressPrefix": "0.0.0.0/0",
              "nextHopType": "VirtualAppliance",
              "nextHopIpAddress": "[parameters('F5_Int_Trusted_IP')]"
            }
          },
          {
            "name": "RouteToVDMS",
            "properties": {
              "addressPrefix": "[parameters('VDMS_SubnetPrefix')]",
              "nextHopType": "VirtualAppliance",
              "nextHopIpAddress": "[parameters('F5_Int_Trusted_IP')]"
            }
          },
          {
            "name": "RouteToManagement",
            "properties": {
              "addressPrefix": "[parameters('Management_SubnetPrefix')]",
              "nextHopType": "VirtualAppliance",
              "nextHopIpAddress": "[parameters('F5_Int_Trusted_IP')]"
            }
          },
          {
            "name": "RouteToExtUnTrust",
            "properties": {
              "addressPrefix": "[parameters('F5_Ext_Untrusted_SubnetPrefix')]",
              "nextHopType": "VirtualAppliance",
              "nextHopIpAddress": "[parameters('F5_Int_Trusted_IP')]"
            }
          },
          {
            "name": "RouteToExtTrust",
            "properties": {
              "addressPrefix": "[parameters('F5_Ext_Trusted_SubnetPrefix')]",
              "nextHopType": "VirtualAppliance",
              "nextHopIpAddress": "[parameters('F5_Int_Trusted_IP')]"
            }
          }
        ]
      }
    },
    {
      "apiVersion": "2015-06-15",
      "type": "Microsoft.Network/virtualNetworks",
      "name": "[parameters('vnetName')]",
      "location": "[resourceGroup().location]",
      "tags": {
        "displayName": "VNet"
      },
      "properties": {
        "addressSpace": {
          "addressPrefixes": [
            "[parameters('vnetPrefix')]",
            "[parameters('vnetPrefix2')]"
          ]
        },
        "subnets": [
          {
            "name": "[parameters('F5_Ext_Untrusted_SubnetName')]",
            "properties": {
              "addressPrefix": "[parameters('F5_Ext_Untrusted_SubnetPrefix')]"
            }
          },
          {
            "name": "[parameters('F5_Ext_Trusted_SubnetName')]",
            "properties": {
              "addressPrefix": "[parameters('F5_Ext_Trusted_SubnetPrefix')]"
            }
          },
          {
            "name": "[parameters('IPS_Untrusted_SubnetName')]",
            "properties": {
              "addressPrefix": "[parameters('IPS_Untrusted_SubnetPrefix')]"
            }
          },
          {
            "name": "[parameters('IPS_Trusted_SubnetName')]",
            "properties": {
              "addressPrefix": "[parameters('IPS_Trusted_SubnetPrefix')]"
            }
          },
          {
            "name": "[parameters('F5_Int_Untrusted_SubnetName')]",
            "properties": {
              "addressPrefix": "[parameters('F5_Int_Untrusted_SubnetPrefix')]"
            }
          },
          {
            "name": "[parameters('F5_Int_Trusted_SubnetName')]",
            "properties": {
              "addressPrefix": "[parameters('F5_Int_Trusted_SubnetPrefix')]"
            }
          },
          {
            "name": "[parameters('Management_SubnetName')]",
            "properties": {
              "addressPrefix": "[parameters('Management_SubnetPrefix')]"
            }
          },
          {
            "name": "[parameters('VDMS_SubnetName')]",
            "properties": {
              "addressPrefix": "[parameters('VDMS_SubnetPrefix')]"
            }
          }
        ]
      }
    },
    {
      "name": "[parameters('VDSSJumpBox_Availability_SetName')]",
      "type": "Microsoft.Compute/availabilitySets",
      "sku": {
        "name": "Aligned"
      },
      "location": "[resourceGroup().location]",
      "apiVersion": "2016-04-30-preview",
      "dependsOn": [],
      "tags": {
        "displayName": "VDSSJumpBox_Availability_Set"
      },
      "properties": {
        "platformUpdateDomainCount": 5,
        "platformFaultDomainCount": 2
      }
    },
    {
      "type": "Microsoft.Compute/availabilitySets",
      "sku": {
        "name": "Aligned"
      },
      "name": "[parameters('IPS_Availability_SetName')]",
      "apiVersion": "2016-04-30-preview",
      "location": "[resourceGroup().location]",
      "tags": {
        "displayName": "IPS_Availability_Set"
      },
      "properties": {
        "platformUpdateDomainCount": 5,
        "platformFaultDomainCount": 2
      }
    },
    {
      "name": "[variables('vdssstorageName')]",
      "type": "Microsoft.Storage/storageAccounts",
      "location": "[resourceGroup().location]",
      "apiVersion": "2016-01-01",
      "sku": {
        "name": "[parameters('vdssstorageType')]"
      },
      "dependsOn": [],
      "tags": {
        "displayName": "vdssstorage"
      },
      "kind": "Storage"
    },
    {
      "name": "[variables('VDSSJumpBoxNicName')]",
      "type": "Microsoft.Network/networkInterfaces",
      "location": "[resourceGroup().location]",
      "apiVersion": "2016-03-30",
      "dependsOn": [
        "[resourceId('Microsoft.Network/virtualNetworks', parameters('vnetName'))]"
      ],
      "tags": {
        "displayName": "VDSSJumpBoxNic"
      },
      "properties": {
        "ipConfigurations": [
          {
            "name": "ipconfig1",
            "properties": {
              "privateIPAddress": "[parameters('VDSSJumpBoxIp')]",
              "privateIPAllocationMethod": "Static",
              "subnet": {
                "id": "[variables('VDSSJumpBoxSubnetRef')]"
              }
            }
          }
        ]
      }
    },
    {
      "name": "[parameters('VDSSJumpBoxName')]",
      "type": "Microsoft.Compute/virtualMachines",
      "location": "[resourceGroup().location]",
      "apiVersion": "2016-04-30-preview",
      "dependsOn": [
        "[resourceId('Microsoft.Storage/storageAccounts', variables('vdssstorageName'))]",
        "[resourceId('Microsoft.Network/networkInterfaces', variables('VDSSJumpBoxNicName'))]",
        "[concat('Microsoft.Compute/availabilitySets/', parameters('VDSSJumpBox_Availability_SetName'))]"
      ],
      "tags": {
        "displayName": "VDSSJumpBox"
      },
      "properties": {
        "availabilitySet": {
          "id": "[resourceId('Microsoft.Compute/availabilitySets', parameters('VDSSJumpBox_Availability_SetName'))]"
        },
        "hardwareProfile": {
          "vmSize": "[variables('VDSSJumpBoxVmSize')]"
        },
        "osProfile": {
          "computerName": "[parameters('VDSSJumpBoxName')]",
          "adminUsername": "[parameters('VDSSJumpBoxAdminUsername')]",
          "adminPassword": "[parameters('VDSSJumpBoxAdminPassword')]"
        },
        "storageProfile": {
          "imageReference": {
            "publisher": "[variables('VDSSJumpBoxImagePublisher')]",
            "offer": "[variables('VDSSJumpBoxImageOffer')]",
            "sku": "[parameters('VDSSJumpBoxWindowsOSVersion')]",
            "version": "latest"
          },
          "osDisk": {
            "createOption": "fromImage",
            "managedDisk": {
              "storageAccountType": "Premium_LRS"
            }
          },
          "dataDisks": []
        },
        "networkProfile": {
          "networkInterfaces": [
            {
              "id": "[resourceId('Microsoft.Network/networkInterfaces', variables('VDSSJumpBoxNicName'))]"
            }
          ]
        }
      }
    },
    {
      "name": "[variables('VDSSJumpBoxLinuxNicName')]",
      "type": "Microsoft.Network/networkInterfaces",
      "location": "[resourceGroup().location]",
      "apiVersion": "2016-03-30",
      "dependsOn": [
        "[resourceId('Microsoft.Network/virtualNetworks', parameters('vnetName'))]",
        "[resourceId('Microsoft.Network/publicIPAddresses', variables('linux-VDSSJumpBox-ipName'))]"
      ],
      "tags": {
        "displayName": "VDSSJumpBoxLinuxNic"
      },
      "properties": {
        "ipConfigurations": [
          {
            "name": "ipconfig1",
            "properties": {
              "privateIPAddress": "[parameters('VDSSJumpBoxLinuxIp')]",
              "privateIPAllocationMethod": "Static",
              "subnet": {
                "id": "[variables('VDSSJumpBoxLinuxSubnetRef')]"
              },
              "publicIPAddress": {
                "id": "[resourceId('Microsoft.Network/publicIPAddresses', variables('linux-VDSSJumpBox-ipName'))]"
              }
            }
          }
        ]
      }
    },
    {
      "name": "[parameters('VDSSJumpBoxLinuxName')]",
      "type": "Microsoft.Compute/virtualMachines",
      "location": "[resourceGroup().location]",
      "apiVersion": "2016-04-30-preview",
      "dependsOn": [
        "[resourceId('Microsoft.Storage/storageAccounts', variables('vdssstorageName'))]",
        "[resourceId('Microsoft.Network/networkInterfaces', variables('VDSSJumpBoxLinuxNicName'))]",
        "[concat('Microsoft.Compute/availabilitySets/', parameters('VDSSJumpBoxLinux_Availability_SetName'))]"
      ],
      "tags": {
        "displayName": "VDSSJumpBoxLinux"
      },
      "properties": {
        "availabilitySet": {
          "id": "[resourceId('Microsoft.Compute/availabilitySets', parameters('VDSSJumpBoxLinux_Availability_SetName'))]"
        },
        "hardwareProfile": {
          "vmSize": "[variables('VDSSJumpBoxLinuxVmSize')]"
        },
        "osProfile": {
          "computerName": "[parameters('VDSSJumpBoxLinuxName')]",
          "adminUsername": "[parameters('VDSSJumpBoxAdminUsername')]",
          "adminPassword": "[parameters('VDSSJumpBoxAdminPassword')]",
          "customData": "[base64(replace(variables('VDSSJumpBoxLinuxCustomData'),'AZURE_USER',parameters('VDSSJumpBoxAdminUsername')))]"
        },
        "storageProfile": {
          "imageReference": {
            "publisher": "[variables('VDSSJumpBoxLinuxImagePublisher')]",
            "offer": "[variables('VDSSJumpBoxLinuxImageOffer')]",
            "sku": "[parameters('VDSSJumpBoxLinuxUbuntuOSVersion')]",
            "version": "latest"
          },
          "osDisk": {
            "createOption": "fromImage",
            "managedDisk": {
              "storageAccountType": "Premium_LRS"
            }
          },
          "dataDisks": []
        },
        "networkProfile": {
          "networkInterfaces": [
            {
              "id": "[resourceId('Microsoft.Network/networkInterfaces', variables('VDSSJumpBoxLinuxNicName'))]"
            }
          ]
        }
      }
    },
    {
      "type": "Microsoft.Compute/virtualMachines/extensions",
      "name": "[concat(parameters('VDSSJumpBoxLinuxName'),'/', variables('VDSSJumpBoxExtensionName'))]",
      "apiVersion": "2015-06-15",
      "dependsOn": [
        "[concat('Microsoft.Compute/virtualMachines/', parameters('VDSSJumpBoxLinuxName'))]"
      ],
      "location": "[resourceGroup().location]",
      "properties": {
        "publisher": "Microsoft.Azure.Extensions",
        "type": "CustomScript",
        "typeHandlerVersion": "2.0",
        "autoUpgradeMinorVersion": true,
        "settings": {
          "fileUris": "[split(parameters('VDSSJumpBoxLinuxFileUris'), ' ')]"
        },
        "protectedSettings": {
          "commandToExecute": "[concat('bash savevars.sh ',parameters('VDSSJumpBoxAdminUserName'),' ', base64(parameters('VDSSJumpBoxAdminPassword')),' ',parameters('appId'),' ',parameters('appPassword'),' ',parameters('appTenantId'),' ', parameters('licensekey1'),' ', parameters('licensekey2'),' ', parameters('licensekey3'),' ', parameters('licensekey4'))]"
        }
      }
    },
    {
      "name": "[variables('linux-VDSSJumpBox-ipName')]",
      "type": "Microsoft.Network/publicIPAddresses",
      "location": "[resourceGroup().location]",
      "apiVersion": "2016-03-30",
      "dependsOn": [],
      "tags": {
        "displayName": "linux-VDSSJumpBox-ip"
      },
      "properties": {
        "publicIPAllocationMethod": "Dynamic"
      }
    },
    {
      "name": "[variables('IPSvmUntrustedNicName')]",
      "type": "Microsoft.Network/networkInterfaces",
      "location": "[resourceGroup().location]",
      "apiVersion": "2016-03-30",
      "dependsOn": [
        "[resourceId('Microsoft.Network/virtualNetworks', parameters('vnetName'))]"
      ],
      "tags": {
        "displayName": "IPSUntrustedNic"
      },
      "properties": {
        "enableIPForwarding": true,
        "ipConfigurations": [
          {
            "name": "ipconfig1",
            "properties": {
              "privateIPAddress": "[parameters('IPS_Untrusted_IP')]",
              "privateIPAllocationMethod": "Static",
              "subnet": {
                "id": "[variables('IPSUntrustedSubnetref')]"
              }
            }
          }
        ]
      }
    },
    {
      "name": "[variables('IPSvmTrustedNicName')]",
      "type": "Microsoft.Network/networkInterfaces",
      "location": "[resourceGroup().location]",
      "apiVersion": "2016-03-30",
      "dependsOn": [
        "[resourceId('Microsoft.Network/virtualNetworks', parameters('vnetName'))]"
      ],
      "tags": {
        "displayName": "IPSTrustedNic"
      },
      "properties": {
        "enableIPForwarding": true,
        "ipConfigurations": [
          {
            "name": "ipconfig1",
            "properties": {
              "privateIPAddress": "[parameters('IPS_Trusted_IP')]",
              "privateIPAllocationMethod": "Static",
              "subnet": {
                "id": "[variables('IPSTrustedSubnetref')]"
              }
            }
          }
        ]
      }
    },
    {
      "name": "[parameters('IPSvmName')]",
      "type": "Microsoft.Compute/virtualMachines",
      "location": "[resourceGroup().location]",
      "apiVersion": "2016-04-30-preview",
      "dependsOn": [
        "[resourceId('Microsoft.Storage/storageAccounts', variables('vdssstorageName'))]",
        "[concat('Microsoft.Compute/availabilitySets/', parameters('IPS_Availability_SetName'))]"
      ],
      "tags": {
        "displayName": "IPSvm"
      },
      "properties": {
        "availabilitySet": {
          "id": "[resourceId('Microsoft.Compute/availabilitySets', parameters('IPS_Availability_SetName'))]"
        },
        "hardwareProfile": {
          "vmSize": "[variables('IPSvmVmSize')]"
        },
        "osProfile": {
          "computerName": "[parameters('IPSvmName')]",
          "adminUsername": "[parameters('VDSSJumpBoxAdminUsername')]",
          "adminPassword": "[parameters('VDSSJumpBoxAdminPassword')]",
          "customData": "[base64(replace(variables('IPSCustomData'),'GATEWAY_IP',parameters('IPS_Trusted_Gateway_IP')))]"
        },
        "storageProfile": {
          "imageReference": {
            "publisher": "[variables('IPSvmImagePublisher')]",
            "offer": "[variables('IPSvmImageOffer')]",
            "sku": "[parameters('IPSvmUbuntuOSVersion')]",
            "version": "latest"
          },
          "osDisk": {
            "createOption": "fromImage",
            "managedDisk": {
              "storageAccountType": "Premium_LRS"
            }
          },
          "dataDisks": []
        },
        "networkProfile": {
          "networkInterfaces": [
            {
              "id": "[resourceId('Microsoft.Network/networkInterfaces', variables('IPSvmUntrustedNicName'))]",
              "properties": {
                "primary": true
              }
            },
            {
              "id": "[resourceId('Microsoft.Network/networkInterfaces', variables('IPSvmTrustedNicName'))]",
              "properties": {
                "primary": false
              }
            }
          ]
        }
      }
    }
  ]
}

