{
  "strictUpdates": "disabled",
  "trafficGroup": "none",
  "lists": [
    {
      "name": "asm__security_logging",
      "encrypted": "no",
      "value": [
        "Log all requests"
      ]
    }
  ],
  "tables": [
    {
      "name": "basic__snatpool_members"
    },
    {
      "name": "net__snatpool_members"
    },
    {
      "name": "optimizations__hosts"
    },
    {
      "name": "pool__hosts",
      "columnNames": [
        "name"
      ],
      "rows": [
        {
          "row": [
            "www.f5demo.com"
          ]
        }
      ]
    },
    {
      "name": "pool__members"
    },
    {
      "name": "server_pools__servers"
    }
  ],
  "variables": [
    {
      "name": "afm__policy",
      "encrypted": "no",
      "value": "/Common/log_all_afm"
    },
    {
      "name": "afm__restrict_by_reputation",
      "encrypted": "no",
      "value": "accept"
    },
    {
      "name": "afm__security_logging",
      "encrypted": "no",
      "value": "{{item.logging}}"
    },
    {
      "name": "afm__staging_policy",
      "encrypted": "no",
      "value": "/#do_not_use#"
    },
    {
      "name": "apm__use_apm",
      "encrypted": "no",
      "value": "no"
    },
    {
      "name": "asm__language",
      "encrypted": "no",
      "value": "utf-8"
    },
    {
      "name": "asm__use_asm",
      "encrypted": "no",
      "value": "/Common/waf-basic-ltm_policy"
    },
    {
      "name": "client__http_compression",
      "encrypted": "no",
      "value": "/#do_not_use#"
    },
    {
      "name": "net__client_mode",
      "encrypted": "no",
      "value": "wan"
    },
    {
      "name": "net__server_mode",
      "encrypted": "no",
      "value": "lan"
    },
    {
      "name": "net__v13_tcp",
      "encrypted": "no",
      "value": "warn"
    },
    {
      "name": "pool__addr",
      "encrypted": "no",
      "value": "192.168.4.7"
    },
    {
      "name": "pool__pool_to_use",
      "encrypted": "no",
      "value": "/Common/https_pool"
    },
    {
      "name": "pool__port",
      "encrypted": "no",
      "value": "80"
    },
    {
      "name": "ssl__mode",
      "encrypted": "no",
      "value": "server_ssl"
    },
    {
      "name": "ssl__server_ssl_profile",
      "encrypted": "no",
      "value": "/#default#"
    },
    {
      "name": "ssl_encryption_questions__advanced",
      "encrypted": "no",
      "value": "no"
    },
    {
      "name": "ssl_encryption_questions__help",
      "encrypted": "no",
      "value": "hide"
    }
  ]
}
