{
  "variables": [
    {
      "name": "variables__custom_asm_policy",
      "encrypted": "no",
      "value": "https://raw.githubusercontent.com/f5devcentral/f5-azure-saca/master/roles/f5-azure-scca-internal-setup/files/basic-asm-apache.xml"
    },
    {
      "name": "variables__deployment",
      "encrypted": "no",
      "value": "waf-basic"
    },
    {
      "name": "variables__do_asm",
      "encrypted": "no",
      "value": "true"
    },
    {
      "name": "variables__do_l7dos",
      "encrypted": "no",
      "value": "true"
    },
    {
      "name": "variables__do_uri_rewrite",
      "encrypted": "no",
      "value": "false"
    },
    {
      "name": "variables__level",
      "encrypted": "no",
      "value": "low"
    },
    {
      "name": "variables__rewrite_scheme",
      "encrypted": "no",
      "value": "none"
    },
    {
      "name": "variables__server_host",
      "encrypted": "no",
      "value": "none"
    },
    {
      "name": "variables__type",
      "encrypted": "no",
      "value": "linux"
    }
  ]
}
