{
  "$schema": "https://schema.management.azure.com/schemas/2015-01-01/deploymentTemplate.json#",
  "contentVersion": "1.0.0.0",
  "parameters": {},
  "variables": {
    "subscriptionId": "[subscription().subscriptionId]",
    "resourceGroupName": "[resourceGroup().name]",
    "location": "[resourceGroup().location]",

    "VDSSResourceGroupName": "[concat(variables('resourceGroupName'),'_VDSS')]",
    "IL5ResourceGroupName1": "[concat(variables('resourceGroupName'),'_IL5-1')]",
    "IL4ResourceGroupName1": "[concat(variables('resourceGroupName'),'_IL4-1')]",

    "VNetsTemplateFolder": "nestedtemplates",
    "VNetsTemplateFileName": "VNets.json",
    "VNetsTemplateParametersFileName": "VNets.parameters.json",
    "VNetsParameters": {
      "virtualNetworks": {
        "value": [
          {
            "name": "VDSS_VNet",
            "tags": {
              "F5_Ext_Untrusted_SubnetName": "F5_Ext_Untrusted_Subnet",
              "F5_Ext_Trusted_SubnetName": "F5_Ext_Trusted_Subnet",
              "IPS_Untrusted_SubnetName": "IPS_Untrusted_Subnet",
              "IPS_Trusted_SubnetName": "IPS_Trusted_Subnet",
              "F5_Int_Untrusted_SubnetName": "F5_Int_Untrusted_Subnet",
              "F5_Int_Trusted_SubnetName": "F5_Int_Trusted_Subnet",
              "Management_SubnetName": "Management_Subnet",
              "VDMS_SubnetName": "VDMS_Subnet"
            },
            "resourceGroupName": "[variables('VDSSResourceGroupName')]",
            "subscriptionId": "[variables('subscriptionId')]",
            "location": "[variables('location')]",
            "properties": {
              "addressSpace": {
                "addressPrefixes": [
                  "192.168.0.0/16",
                  "172.16.0.0/23"
                ]
              },
              "subnets": [
                {
                  "name": "F5_Ext_Untrusted_Subnet",
                  "properties": {
                    "addressPrefix": "192.168.0.0/24"
                  }
                },
                {
                  "name": "F5_Ext_Trusted_Subnet",
                  "properties": {
                    "addressPrefix": "192.168.1.0/24"
                  }
                },
                {
                  "name": "IPS_Trusted_Subnet",
                  "properties": {
                    "addressPrefix": "192.168.2.0/24"
                  }
                },
                {
                  "name": "IPS_Untrusted_Subnet",
                  "properties": {
                    "addressPrefix": "192.168.3.0/24"
                  }
                },
                {
                  "name": "F5_Int_Untrusted_Subnet",
                  "properties": {
                    "addressPrefix": "192.168.4.0/24"
                  }
                },
                {
                  "name": "F5_Int_Trusted_Subnet",
                  "properties": {
                    "addressPrefix": "192.168.5.0/24"
                  }
                },
                {
                  "name": "Management_Subnet",
                  "properties": {
                    "addressPrefix": "172.16.0.0/24"
                  }
                },
                {
                  "name": "VDMS_Subnet",
                  "properties": {
                    "addressPrefix": "172.16.1.0/24"
                  }
                }
              ],
              "dhcpOptions": {
                "dnsServers": []
              }
            }
          },
          {
            "name": "IL5-1_VNet",
            "tags": {},
            "resourceGroupName": "[variables('IL5ResourceGroupName1')]",
            "subscriptionId": "[variables('subscriptionId')]",
            "location": "[variables('location')]",
            "properties": {
              "addressSpace": {
                "addressPrefixes": [
                  "10.0.0.0/22",
                  "172.16.2.0/24"
                ]
              },
              "subnets": [
                {
                  "name": "Production_Subnet",
                  "properties": {
                    "addressPrefix": "10.0.0.0/24"
                  }
                },
                {
                  "name": "Development_Subnet",
                  "properties": {
                    "addressPrefix": "10.0.1.0/24"
                  }
                },
                {
                  "name": "Management_Subnet",
                  "properties": {
                    "addressPrefix": "172.16.2.0/24"
                  }
                }
              ],
              "dhcpOptions": {
                "dnsServers": []
              }
            }
          },
          {
            "name": "IL4-1_VNet",
            "tags": {},
            "resourceGroupName": "[variables('IL4ResourceGroupName1')]",
            "subscriptionId": "[variables('subscriptionId')]",
            "location": "[variables('location')]",
            "properties": {
              "addressSpace": {
                "addressPrefixes": [
                  "10.0.4.0/22",
                  "172.16.3.0/24"
                ]
              },
              "subnets": [
                {
                  "name": "Production_Subnet",
                  "properties": {
                    "addressPrefix": "10.0.4.0/24"
                  }
                },
                {
                  "name": "Development_Subnet",
                  "properties": {
                    "addressPrefix": "10.0.5.0/24"
                  }
                },
                {
                  "name": "Management_Subnet",
                  "properties": {
                    "addressPrefix": "172.16.3.0/24"
                  }
                }
              ],
              "dhcpOptions": {
                "dnsServers": []
              }
            }
          }
        ]
      },
      "virtualNetworkPeerings": {
        "value": [
          {
            "name": "VDSS_VNet/IL5-1_VNet-peer",
            "resourceGroupName": "[variables('VDSSResourceGroupName')]",
            "subscriptionId": "[variables('subscriptionId')]",
            "location": "[variables('location')]",
            "properties": {
              "remoteVirtualNetwork": {
                "id": "[concat('/subscriptions/',variables('subscriptionId'),'/resourceGroups/',variables('IL5ResourceGroupName1'),'/providers/Microsoft.Network/virtualNetworks/IL5-1_VNet')]"
              },
              "allowForwardedTraffic": true,
              "allowGatewayTransit": true,
              "useRemoteGateways": false
            }
          },
          {
            "name": "IL5-1_VNet/VDSS_VNet-peer",
            "resourceGroupName": "[variables('IL5ResourceGroupName1')]",
            "subscriptionId": "[variables('subscriptionId')]",
            "location": "[variables('location')]",
            "properties": {
              "remoteVirtualNetwork": {
                "id": "[concat('/subscriptions/',variables('subscriptionId'),'resourceGroups/',variables('VDSSResourceGroupName'),'/providers/Microsoft.Network/virtualNetworks/VDSS_VNet')]"
              },
              "allowForwardedTraffic": true,
              "allowGatewayTransit": false,
              "useRemoteGateways": false
            }
          }
        ]
      },
      "deploymentContext": {
        "value": {
          "parentTemplateUniqueString": "bb-01-vnet",
          "sasToken": ""
        }
      }
    }
  },

  "resources": [
    {
      "name": "VNets",
      "type": "Microsoft.Resources/deployments",
      "apiVersion": "2017-05-10",
      "dependsOn": [],
      "properties": {
        "mode": "Incremental",
        "templateLink": {
          "uri": "https://raw.githubusercontent.com/mspnp/template-building-blocks/v2.1.0/templates/buildingBlocks/virtualNetworks/virtualNetworks.json",
          "contentVersion": "1.0.0.0"
        },
        "parameters": "[variables('VNetsParameters')]"
      }
    }
  ],
    "outputs": {}
}
