{
  "kind": "tm:sys:application:service:servicestate",
  "name": "OMS",
  "partition": "Common",
  "inheritedDevicegroup": "true",
  "inheritedTrafficGroup": "true",
  "strictUpdates": "enabled",
  "template": "/Common/f5.cloud_logger.v1.0.0",
  "trafficGroup": "none",
  "lists": [
    {
      "name": "logging_config__afm_log_level",
      "encrypted": "no",
      "value": [
        "match_drop",
        "match_reject",
        "match_accept"
      ]
    }
  ],
  "variables": [
    {
      "name": "analytics_config__analytics_solution",
      "encrypted": "no",
      "value": "azure_oms"
    },
    {
      "name": "analytics_config__azure_env",
      "encrypted": "no",
      "value": "azureusgov"
    },
    {
      "name": "analytics_config__log_type",
      "encrypted": "no",
      "value": "F5CustomLog"
    },
    {
      "name": "analytics_config__shared_key",
      "encrypted": "yes",
      "value": "{{item.key}}"
    },
    {
      "name": "analytics_config__workspace",
      "encrypted": "no",
      "value": "{{item.customer_id}}"
    },
    {
      "name": "basic__advanced",
      "encrypted": "no",
      "value": "yes"
    },
    {
      "name": "basic__help",
      "encrypted": "no",
      "value": "show"
    },
    {
      "name": "internal_config__format_vs_port",
      "encrypted": "no",
      "value": "1001"
    },
    {
      "name": "internal_config__hostname",
      "encrypted": "no",
      "value": "yes"
    },
    {
      "name": "internal_config__irule_log_level",
      "encrypted": "no",
      "value": "2"
    },
    {
      "name": "internal_config__port",
      "encrypted": "no",
      "value": "yes"
    },
    {
      "name": "internal_config__send_vs_port",
      "encrypted": "no",
      "value": "41001"
    },
    {
      "name": "logging_config__afm_log_choice",
      "encrypted": "no",
      "value": "yes"
    },
    {
      "name": "logging_config__ltm_req_log_choice",
      "encrypted": "no",
      "value": "no"
    }
  ]
}
