{
    "apiVersion": "2015-06-15",
    "type": "Microsoft.Compute/virtualMachines/extensions",
    "name": "[concat([variables('WinvmName')], '-Disable-ieESC')]",
    "location": "[resourceGroup().location]",
    "dependsOn": [
        "[variables('WinvmName')]"
    ],
    "tags": {
        "displayName": "[concat([variables('WinvmName')], '-Disable-ieESC')]"
    },
    "properties": {
        "publisher": "Microsoft.Azure.Extensions",
        "type": "CustomScriptExtension",
        "typeHandlerVersion": "1.9",
        "autoUpgradeMinorVersion": true,
        "settings": {
            "fileUris": [
                "https://raw.githubusercontent.com/Mikej81/f5-azure-saca/master/SACAv2/scripts/Disable-ieESC.ps1"
            ]
        },
        "protectedSettings": {
            "commandToExecute": "powershell -ExecutionPolicy Unrestricted -File Disable-ieESC.ps1"
        }
    }
}